code_module,code_presentation,guid_student_id,gender,region,highest_education,imd_band,age_band,num_of_prev_attempts,studied_credits,disability,final_result,imputed_demo,imd_band_ord,age_band_ord,n_assessments,n_finished,mean_score_raw,submission_rate,weighted_score,n_exam,total_clicks,mean_clicks,active_sessions,active_weeks,n_resource_types,y_pass,risk_composite,y_risk_ordinal,y_score_reg,cluster
EG043,2024J,D1465EF8-7762-44D4-8F77-FF4D8E999E48,M,Cleveland DSC,A Level or Equivalent,20-30%,18-20,2.0,21.0,N,inProgress,0,2,0,4.0,3.0,3.94,0.75,5.570909090909091,3.0,137.0,17.125,8.0,2.0,5.0,1,0.6297740263446844,2,5.570909090909091,2
EG043,2024J,B795E658-1E5C-41E5-8BA5-823F8F3A04D9,M,Saint Hilaire,A Level or Equivalent,20-30%, > 35,1.0,0.0,N,inProgress,0,2,4,0.0,0.0,0.0,0.0,0.0,0.0,0.0,0.0,0.0,0.0,0.0,0,-0.9179313712805823,0,0.0,0
EG043,2024J,3859D2C7-D22F-408C-88BE-4A9C3FF0BEF7,F,Cleveland DSC,A Level or Equivalent,20-30%, > 35,2.0,8.0,N,inProgress,0,2,4,2.0,0.0,0.0,0.0,0.0,0.0,19.0,1.5833333333333333,12.0,4.0,5.0,0,-0.8731023265752298,1,0.0,0
EG043,2024J,0436FCCC-4576-4EFA-9813-8EEAB773AADD,F,Cleveland DSC,A Level or Equivalent,20-30%,20-25,4.0,8.0,N,inProgress,0,2,1,10.0,3.0,1.498,0.3,5.434545454545455,3.0,482.0,9.450980392156863,51.0,8.0,6.0,1,1.4138028984737472,2,5.434545454545455,1
EG043,2024J,A7B0DEA0-D05B-4BC9-8C82-94E892C21A2D,F,Cleveland DSC,A Level or Equivalent,20-30%,20-25,5.0,19.0,N,inProgress,0,2,1,13.0,3.0,0.8907692307692308,0.23076923076923078,4.249090909090909,3.0,459.0,8.660377358490566,53.0,7.0,6.0,1,1.0989778106113641,2,4.249090909090909,1
EG043,2024J,ED11FC23-8FAC-4AD8-ACEE-860014734AF6,M,Cleveland DSC,A Level or Equivalent,20-30%,20-25,1.0,18.0,N,inProgress,0,2,1,3.0,0.0,0.0,0.0,0.0,0.0,29.0,1.9333333333333333,15.0,2.0,6.0,0,-0.8495080925197811,1,0.0,0
EG043,2024J,00C585A2-7098-4ECE-9527-C77E808AF993,F,Cleveland DSC,A Level or Equivalent,20-30%,25-30,3.0,19.0,N,inProgress,0,2,2,7.0,2.0,0.5942857142857143,0.2857142857142857,2.56,2.0,192.0,4.8,40.0,6.0,6.0,1,0.09775607618076641,1,2.56,1
EG043,2024J,5C2C3FD2-6164-460D-B1BC-00B0BA85A4E8,F,Cleveland DSC,A Level or Equivalent,20-30%, > 35,3.0,16.0,N,inProgress,0,2,4,5.0,0.0,0.0,0.0,0.0,0.0,32.0,1.6842105263157894,19.0,4.0,6.0,0,-0.8424298223031464,1,0.0,0
EG043,2024J,1DE54562-7138-4790-92B5-AE156E81EEC5,M,Cleveland DSC,A Level or Equivalent,30-40%,25-30,4.0,18.0,N,inProgress,0,3,2,6.0,1.0,0.7633333333333333,0.16666666666666666,4.58,1.0,176.0,5.333333333333333,33.0,6.0,6.0,1,0.5039935322644713,1,4.58,1
EG043,2024J,8DF79C0C-0F09-4E9A-9E06-FB0997213C1C,M,Cleveland DSC,A Level or Equivalent,40-50%,25-30,2.0,27.0,N,inProgress,0,4,2,7.0,1.0,0.4685714285714285,0.14285714285714285,3.28,1.0,230.0,11.5,20.0,4.0,5.0,1,0.34566739629055276,1,3.28,1
EG043,2024J,F85715A1-E33E-40CC-88CF-18EAB159E62E,F,Cleveland DSC,A Level or Equivalent,20-30%,20-25,3.0,5.0,N,inProgress,0,2,1,11.0,3.0,0.5672727272727273,0.2727272727272727,2.247272727272727,3.0,408.0,7.418181818181818,55.0,8.0,6.0,1,0.5386552800606753,2,2.247272727272727,1
EG043,2024J,92D25905-0EE1-4119-9ED9-AEBA5532689D,F,Cleveland DSC,A Level or Equivalent,20-30%,18-20,2.0,14.0,N,inProgress,1,2,0,0.0,0.0,0.0,0.0,0.0,0.0,0.0,0.0,0.0,0.0,0.0,0,-0.9179313712805823,0,0.0,0
EG043,2024J,EE647D8C-AB11-4173-9943-E3A12132623C,M,Cleveland DSC,A Level or Equivalent,20-30%,20-25,2.0,24.0,N,inProgress,0,2,1,0.0,0.0,0.0,0.0,0.0,0.0,0.0,0.0,0.0,0.0,0.0,0,-0.9179313712805823,0,0.0,0
EG043,2024J,62F3EE30-3445-49D7-8A9F-E1A96E3ACB51,M,Cleveland DSC,A Level or Equivalent,20-30%,20-25,3.0,19.0,N,inProgress,0,2,1,12.0,3.0,1.4566666666666668,0.25,6.221818181818182,3.0,539.0,7.0,77.0,6.0,6.0,1,1.7213295499956183,2,6.221818181818182,1
EG043,2024J,71E223E0-E351-4F22-A276-9F68A8B0EED0,F,Cleveland DSC,A Level or Equivalent,40-50%,18-20,2.0,3.0,N,inProgress,0,4,0,0.0,0.0,0.0,0.0,0.0,0.0,0.0,0.0,0.0,0.0,0.0,0,-0.9179313712805823,0,0.0,0
EG043,2024J,A2CC1268-790C-400B-95C6-6D28EB862896,M,Cleveland DSC,A Level or Equivalent,20-30%,20-25,1.0,13.0,N,inProgress,0,2,1,9.0,3.0,1.1822222222222223,0.3333333333333333,3.9927272727272727,3.0,392.0,6.426229508196721,61.0,7.0,6.0,1,0.8845487012060941,2,3.9927272727272727,1
EG043,2024J,E23A142D-11F3-4176-840A-371961049081,F,Cleveland DSC,A Level or Equivalent,20-30%,20-25,1.0,15.0,N,inProgress,0,2,1,0.0,0.0,0.0,0.0,0.0,0.0,0.0,0.0,0.0,0.0,0.0,0,-0.9179313712805823,0,0.0,0
EG043,2024J,D11D399A-33AB-4817-9497-AA7C8DC7F5D8,F,Cleveland DSC,A Level or Equivalent,20-30%,18-20,2.0,11.0,N,inProgress,0,2,0,3.0,1.0,1.4433333333333334,0.3333333333333333,4.33,1.0,64.0,9.142857142857142,7.0,4.0,2.0,1,0.1847890724062648,1,4.33,1
EG043,2024J,48C0A556-7910-4BEC-AA73-50D9D53B50A0,F,Cleveland DSC,A Level or Equivalent,20-30%,18-20,1.0,19.0,N,inProgress,0,2,0,8.0,0.0,0.0,0.0,0.0,2.0,242.0,8.066666666666666,30.0,7.0,6.0,0,-0.3469509071387239,1,0.0,0
EG043,2024J,4A07CB6A-7D5F-4A52-9737-BDB9FD433C7A,M,Cleveland DSC,A Level or Equivalent,20-30%,18-20,1.0,4.0,N,inProgress,0,2,0,9.0,2.0,0.4977777777777778,0.2222222222222222,2.48,2.0,198.0,4.829268292682927,41.0,4.0,6.0,1,0.09432892431413767,1,2.48,1
EG043,2024J,91896811-FD4A-4F7B-9ED1-DD6A072D4D27,M,Cleveland DSC,A Level or Equivalent,20-30%,18-20,2.0,14.0,N,inProgress,1,2,0,0.0,0.0,0.0,0.0,0.0,0.0,0.0,0.0,0.0,0.0,0.0,0,-0.9179313712805823,0,0.0,0
EG043,2024J,0A602A5F-A186-4BA2-91A2-4AE7A61F7003,F,Cleveland DSC,A Level or Equivalent,20-30%,18-20,3.0,28.0,N,inProgress,0,2,0,8.0,2.0,1.13375,0.25,4.55875,2.0,240.0,6.0,40.0,8.0,6.0,1,0.6503259619521824,2,4.55875,1
EG043,2024J,694BD77F-FF8A-485A-81E4-326FDE38E783,M,Cleveland DSC,A Level or Equivalent,20-30%,30-35,2.0,8.0,N,inProgress,0,2,3,0.0,0.0,0.0,0.0,0.0,0.0,12.0,2.0,6.0,2.0,3.0,0,-0.8896182904140438,0,0.0,0
EG043,2024J,82B1D907-9F15-438D-A945-112CFF77717F,M,Cleveland DSC,A Level or Equivalent,20-30%,18-20,1.0,13.0,N,inProgress,0,2,0,8.0,1.0,0.04,0.125,0.12,2.0,316.0,9.875,32.0,7.0,6.0,0,-0.14597803667855663,1,0.12,0
EG043,2024J,3700CDCB-53DD-48F7-A67E-13C2577B630A,F,Cleveland DSC,A Level or Equivalent,20-30%,18-20,2.0,14.0,N,inProgress,1,2,0,0.0,0.0,0.0,0.0,0.0,0.0,0.0,0.0,0.0,0.0,0.0,0,-0.9179313712805823,0,0.0,0
EG043,2024J,DED7706B-0D0D-40B7-8055-8738D5A8E52E,M,Cleveland DSC,A Level or Equivalent,20-30%,18-20,2.0,18.0,N,inProgress,0,2,0,10.0,3.0,0.985,0.3,3.6554545454545457,3.0,412.0,6.5396825396825395,63.0,8.0,6.0,1,0.8576059210981037,2,3.6554545454545457,1
EG043,2024J,4ED1FDF5-3F90-4F34-89C7-6D2065E24E28,F,Cleveland DSC,A Level or Equivalent,20-30%,18-20,2.0,14.0,N,inProgress,1,2,0,0.0,0.0,0.0,0.0,0.0,0.0,0.0,0.0,0.0,0.0,0.0,0,-0.9179313712805823,0,0.0,0
EG043,2024J,DC5D58D1-647B-46C9-8D18-A197A05D7DD8,F,Cleveland DSC,A Level or Equivalent,20-30%,18-20,2.0,14.0,N,inProgress,1,2,0,0.0,0.0,0.0,0.0,0.0,0.0,0.0,0.0,0.0,0.0,0.0,0,-0.9179313712805823,0,0.0,0
EG043,2024J,A65162B8-008C-454E-8528-BAAD4281787B,M,Cleveland DSC,A Level or Equivalent,20-30%,18-20,2.0,8.0,N,inProgress,0,2,0,10.0,2.0,1.1560000000000001,0.2,4.44,3.0,337.0,9.36111111111111,36.0,5.0,6.0,1,0.8530892390323739,2,4.44,1
EG043,2024J,FB48F179-D3F8-43BB-A2A9-B58938F29AD6,F,Cleveland DSC,A Level or Equivalent,20-30%,18-20,2.0,8.0,N,inProgress,0,2,0,0.0,0.0,0.0,0.0,0.0,0.0,13.0,1.625,8.0,3.0,3.0,0,-0.8872588670084989,0,0.0,0
EG043,2024J,C778BA42-A984-40C4-8930-6B3C3E64A29A,M,Cleveland DSC,A Level or Equivalent,20-30%,18-20,2.0,14.0,N,inProgress,0,2,0,10.0,3.0,1.198,0.3,4.358181818181818,3.0,345.0,5.476190476190476,63.0,6.0,6.0,1,0.8539813046063827,2,4.358181818181818,1
EG043,2024J,B4B4CB24-7630-423B-AC67-CBFAFC082D89,M,Cleveland DSC,A Level or Equivalent,60-70%,30-35,1.0,0.0,N,inProgress,0,6,3,11.0,3.0,1.0036363636363637,0.2727272727272727,4.465454545454546,3.0,428.0,6.7936507936507935,63.0,8.0,6.0,1,1.073391580123288,2,4.465454545454546,1
EG043,2024J,35C18F02-0E4B-4072-AF6E-AFD05A53C3E0,F,Cleveland DSC,A Level or Equivalent,20-30%,18-20,1.0,0.0,N,inProgress,0,2,0,12.0,2.0,0.9500000000000001,0.16666666666666666,6.525,2.0,418.0,9.5,44.0,7.0,6.0,1,1.5024775154475982,2,6.525,1
EG043,2024J,FCECB3F9-ADBA-45BD-A071-0C5E848C8E40,M,Cleveland DSC,A Level or Equivalent,20-30%,18-20,1.0,0.0,N,inProgress,0,2,0,9.0,1.0,0.7222222222222222,0.1111111111111111,4.0625,2.0,332.0,6.036363636363636,55.0,6.0,6.0,1,0.758319073964506,2,4.0625,1
EG043,2024J,238C9CBE-21EA-44E4-B9C7-49BA453FE530,F,Cleveland DSC,A Level or Equivalent,60-70%,18-20,1.0,0.0,N,inProgress,0,6,0,12.0,3.0,1.6983333333333333,0.25,7.194545454545454,3.0,657.0,6.19811320754717,106.0,8.0,6.0,1,2.2135432250418536,2,7.194545454545454,1
EG043,2024J,AA2C2692-7325-4902-9B1D-57697E3D090A,F,Cleveland DSC,A Level or Equivalent,60-70%,18-20,1.0,0.0,N,inProgress,0,6,0,11.0,3.0,0.7218181818181818,0.2727272727272727,2.9618181818181815,3.0,391.0,12.21875,32.0,8.0,6.0,1,0.6555994247541372,2,2.9618181818181815,1
EG043,2024J,D43A7DC0-08C9-4EE3-8E28-1959191D6E9D,M,Cleveland DSC,A Level or Equivalent,40-50%,18-20,1.0,0.0,N,inProgress,0,4,0,12.0,3.0,1.2491666666666668,0.25,5.846363636363637,3.0,600.0,9.836065573770492,61.0,7.0,6.0,1,1.7827309127354711,2,5.846363636363637,1
EG043,2024J,29A7E3CE-F3B4-48DE-9F7F-D1201F18819F,M,Wu DSC,A Level or Equivalent,20-30%,18-20,1.0,0.0,N,inProgress,0,2,0,0.0,0.0,0.0,0.0,0.0,0.0,3.0,1.0,3.0,1.0,3.0,0,-0.9108531010639476,0,0.0,0
EG043,2024J,EBA9AA54-9762-4973-9C83-E2D59BE4E6F5,F,Cleveland DSC,A Level or Equivalent,20-30%,18-20,1.0,0.0,N,inProgress,0,2,0,6.0,1.0,0.6116666666666667,0.16666666666666666,3.6700000000000004,1.0,138.0,7.666666666666667,18.0,4.0,6.0,1,0.2143209429424273,1,3.6700000000000004,1
EG043,2024J,66ED6E86-9FC2-40EF-BF9A-7D97572D765D,M,Cleveland DSC,A Level or Equivalent,20-30%,30-35,1.0,0.0,N,inProgress,0,2,3,12.0,3.0,0.5666666666666667,0.25,2.9454545454545453,3.0,226.0,5.380952380952381,42.0,7.0,6.0,1,0.2626978985051638,1,2.9454545454545453,1
EG043,2024J,26B47304-C87C-48F3-8C24-6400F504C219,M,Cleveland DSC,A Level or Equivalent,60-70%,18-20,1.0,0.0,N,inProgress,0,6,0,7.0,1.0,1.1428571428571428,0.14285714285714285,5.0,2.0,182.0,9.1,20.0,7.0,5.0,1,0.6104644572722046,2,5.0,1
EG043,2024J,67BD1359-A552-41E5-9ED8-2BA72982D5AC,F,Cleveland DSC,A Level or Equivalent,20-30%,18-20,1.0,0.0,N,inProgress,0,2,0,0.0,0.0,0.0,0.0,0.0,0.0,0.0,0.0,0.0,0.0,0.0,0,-0.9179313712805823,0,0.0,0
EG043,2024J,63B1D082-36B3-484C-A887-B58C05542270,F,Cleveland DSC,A Level or Equivalent,60-70%,18-20,1.0,0.0,N,inProgress,0,6,0,7.0,1.0,0.38,0.14285714285714285,0.9975,2.0,283.0,5.895833333333333,48.0,7.0,6.0,0,-0.030967884147031915,1,0.9975,0
EG043,2024J,4F7F0C21-A624-42F0-B2C5-CCB5E2582501,F,Cleveland DSC,A Level or Equivalent,20-30%,25-30,1.0,0.0,N,inProgress,0,2,2,11.0,3.0,1.2518181818181817,0.2727272727272727,4.724545454545455,3.0,408.0,5.666666666666667,72.0,7.0,6.0,1,1.0831502973018328,2,4.724545454545455,1
EG043,2024J,DC81FE63-74DC-4E29-A1E4-3190B714710E,F,Jhon Tukey,A Level or Equivalent,20-30%,18-20,1.0,0.0,N,inProgress,0,2,0,6.0,0.0,0.0,0.0,0.0,1.0,145.0,6.041666666666667,24.0,4.0,6.0,0,-0.5758149774765762,1,0.0,0
EG043,2024J,4D7A5CBE-DF99-4CC7-B4AF-CF568CACDB94,M,Cleveland DSC,A Level or Equivalent,20-30%,30-35,6.0,43.0,N,inProgress,0,2,3,3.0,0.0,0.0,0.0,0.0,0.0,31.0,2.2142857142857144,14.0,2.0,6.0,0,-0.8447892457086913,1,0.0,0
EG043,2024J,49C0BC83-2CC6-44E4-9E87-EB7412501F31,M,Codd RDBMS,A Level or Equivalent,20-30%,18-20,2.0,14.0,N,inProgress,1,2,0,0.0,0.0,0.0,0.0,0.0,0.0,0.0,0.0,0.0,0.0,0.0,0,-0.9179313712805823,0,0.0,0
EG043,2024J,BCA83041-1138-4BD6-84C7-4E44C510A4EE,F,Cleveland DSC,A Level or Equivalent,20-30%,18-20,2.0,14.0,N,inProgress,1,2,0,0.0,0.0,0.0,0.0,0.0,0.0,0.0,0.0,0.0,0.0,0.0,0,-0.9179313712805823,0,0.0,0
EG043,2024J,2163182C-706C-4BA0-81B2-B9CC76A4FA00,F,Cleveland DSC,A Level or Equivalent,20-30%,25-30,3.0,125.0,N,inProgress,0,2,2,9.0,2.0,1.0255555555555556,0.2222222222222222,4.108181818181818,3.0,169.0,5.451612903225806,31.0,6.0,5.0,1,0.38377374679330456,1,4.108181818181818,1
EG043,2024J,E552B594-41BB-494B-85D6-D43344673DAA,F,Cleveland DSC,A Level or Equivalent,20-30%,18-20,2.0,14.0,N,inProgress,1,2,0,0.0,0.0,0.0,0.0,0.0,0.0,0.0,0.0,0.0,0.0,0.0,0,-0.9179313712805823,0,0.0,0
EG043,2024J,82CD473D-4521-4333-B597-A1002F464D2E,F,Cleveland DSC,A Level or Equivalent,20-30%,25-30,6.0,43.0,N,inProgress,0,2,2,3.0,0.0,0.0,0.0,0.0,0.0,53.0,6.625,8.0,1.0,5.0,0,-0.7928819307867041,1,0.0,0
EG043,2024J,9A42DE4D-A916-4456-8FF2-6C66131E6150,F,Cleveland DSC,A Level or Equivalent,20-30%,25-30,6.0,131.0,N,inProgress,0,2,2,9.0,1.0,0.13777777777777778,0.1111111111111111,0.62,2.0,293.0,13.318181818181818,22.0,4.0,6.0,0,-0.09034669813172658,1,0.62,0
EG043,2024J,708F5491-C736-4327-A5D6-1CEF828A9865,F,Cleveland DSC,A Level or Equivalent,20-30%,30-35,4.0,31.0,N,inProgress,0,2,3,0.0,0.0,0.0,0.0,0.0,0.0,13.0,2.6,5.0,2.0,3.0,0,-0.8872588670084989,0,0.0,0
EG043,2024J,3CDE878A-42F4-4B47-843F-35167C7DA4B4,F,Cleveland DSC,A Level or Equivalent,20-30%,18-20,2.0,14.0,N,inProgress,1,2,0,0.0,0.0,0.0,0.0,0.0,0.0,0.0,0.0,0.0,0.0,0.0,0,-0.9179313712805823,0,0.0,0
EG043,2024J,2493F1BC-1A25-483D-94D1-02B444593E21,F,Cleveland DSC,A Level or Equivalent,20-30%,20-25,5.0,25.0,N,inProgress,0,2,1,13.0,4.0,0.8,0.3076923076923077,2.8,4.0,676.0,10.08955223880597,67.0,7.0,6.0,1,1.292468081364177,2,2.8,1
EG043,2024J,9D40A99B-D248-47D6-9B17-9B3F7FB2027F,F,Cleveland DSC,A Level or Equivalent,40-50%,25-30,3.0,23.0,N,inProgress,0,4,2,9.0,3.0,0.8688888888888889,0.3333333333333333,2.86,3.0,364.0,6.5,56.0,7.0,6.0,1,0.5695157480591011,2,2.86,1
EG043,2024J,92D5832E-12F4-4F98-AA56-E05FEA5A8AD4,F,Cleveland DSC,A Level or Equivalent,20-30%,20-25,3.0,31.0,N,inProgress,0,2,1,6.0,2.0,0.2783333333333333,0.3333333333333333,1.04375,2.0,76.0,3.04,25.0,6.0,4.0,0,-0.5092029569839414,1,1.04375,0
EG043,2024J,60106273-33C2-4E51-A62A-7AC742F380D7,F,Cleveland DSC,A Level or Equivalent,20-30%,25-30,6.0,88.0,N,inProgress,0,2,2,9.0,1.0,1.0,0.1111111111111111,4.090909090909091,3.0,192.0,6.4,30.0,5.0,5.0,1,0.43424400610154035,1,4.090909090909091,1
EG043,2024J,D0240289-C01A-4747-A1A9-2B3671425574,F,Cleveland DSC,A Level or Equivalent,20-30%,20-25,6.0,35.0,N,inProgress,0,2,1,6.0,1.0,0.6666666666666666,0.16666666666666666,2.5,2.0,110.0,6.111111111111111,18.0,5.0,6.0,1,-0.10890441229883634,1,2.5,0
EG043,2024J,05C30D9C-82CF-49B6-A50D-5A338196B5BD,F,Cleveland DSC,A Level or Equivalent,20-30%,20-25,3.0,44.0,N,inProgress,0,2,1,11.0,2.0,0.7063636363636363,0.18181818181818182,3.088181818181818,3.0,316.0,7.022222222222222,45.0,7.0,6.0,1,0.5064169105847016,1,3.088181818181818,1
EG043,2024J,03D8FEF0-2F12-47D1-ABBB-1B7571003DE2,F,Cleveland DSC,A Level or Equivalent,20-30%,18-20,2.0,34.0,N,inProgress,0,2,0,6.0,1.0,0.5,0.16666666666666666,3.0,1.0,50.0,3.3333333333333335,15.0,3.0,4.0,1,-0.14057173975716647,1,3.0,0
EG043,2024J,873BAC2D-2CA8-4289-825D-72AF1968E82E,F,Cleveland DSC,A Level or Equivalent,20-30%,30-35,8.0,2.0,N,inProgress,0,2,3,0.0,0.0,0.0,0.0,0.0,0.0,0.0,0.0,0.0,0.0,0.0,0,-0.9179313712805823,0,0.0,0
EG043,2024J,59F101AE-AAF3-4E3C-BFAC-1A27424D1B6E,F,Cleveland DSC,A Level or Equivalent,20-30%,25-30,2.0,3.0,N,inProgress,0,2,2,9.0,2.0,0.7711111111111111,0.2222222222222222,2.8018181818181818,3.0,399.0,6.045454545454546,66.0,7.0,6.0,1,0.6393074273987004,2,2.8018181818181818,1
EG043,2024J,312944FC-5377-4E2A-B38F-970A773FEBDD,F,Wu DSC,A Level or Equivalent,20-30%,20-25,2.0,37.0,N,inProgress,0,2,1,3.0,1.0,0.65,0.3333333333333333,1.95,1.0,49.0,8.166666666666666,6.0,3.0,4.0,1,-0.37371712459887163,1,1.95,1
EG043,2024J,36DA4A55-6B07-4F8B-9CE7-A013A2E3A0DF,F,Peter Chen,A Level or Equivalent,50-60%,20-25,5.0,52.0,N,inProgress,0,5,1,4.0,3.0,3.4475000000000002,0.75,5.033636363636364,3.0,111.0,13.875,8.0,4.0,3.0,1,0.45033853883188507,1,5.033636363636364,2
EG043,2024J,7D96E4A3-C194-40EB-86A9-188631D600D3,F,Cleveland DSC,A Level or Equivalent,20-30%,20-25,1.0,16.0,N,inProgress,0,2,1,12.0,3.0,0.7016666666666667,0.25,2.8654545454545453,3.0,500.0,7.462686567164179,67.0,7.0,6.0,1,0.8915962193245599,2,2.8654545454545453,1
EG043,2024J,9DE77CB1-53EE-4DBD-BD9C-A6A172DBC33C,M,Cleveland DSC,A Level or Equivalent,20-30%,18-20,2.0,17.0,N,inProgress,0,2,0,8.0,2.0,0.53125,0.25,2.65625,2.0,173.0,6.407407407407407,27.0,4.0,6.0,1,0.07408241127372857,1,2.65625,1
EG043,2024J,AA02D69A-63EC-41FC-B099-35D59CCAD264,F,Cleveland DSC,A Level or Equivalent,20-30%, > 35,1.0,12.0,N,inProgress,0,2,4,0.0,0.0,0.0,0.0,0.0,0.0,0.0,0.0,0.0,0.0,0.0,0,-0.9179313712805823,0,0.0,0
EG043,2024J,F1F5CBCD-F979-4FBE-ADA0-C628DD99E63F,F,Cleveland DSC,A Level or Equivalent,20-30%,18-20,3.0,29.0,N,inProgress,0,2,0,8.0,1.0,0.14,0.125,1.12,1.0,162.0,4.628571428571429,35.0,6.0,4.0,1,-0.2895330873837424,1,1.12,0
EG043,2024J,D3428E0C-B6FC-4BD5-BC9D-71E78412E3CB,F,Cleveland DSC,A Level or Equivalent,20-30%,18-20,1.0,15.0,N,inProgress,0,2,0,12.0,2.0,0.8333333333333334,0.16666666666666666,3.8181818181818183,3.0,474.0,10.772727272727273,44.0,7.0,6.0,1,1.0396570008973598,2,3.8181818181818183,1
EG043,2024J,06E4EFFC-4E03-47BF-8DCB-53A290BD3506,F,Cleveland DSC,A Level or Equivalent,60-70%,18-20,1.0,0.0,N,inProgress,0,6,0,12.0,3.0,1.3516666666666666,0.25,6.023636363636364,3.0,634.0,10.745762711864407,59.0,7.0,6.0,1,1.9019151721430887,2,6.023636363636364,1
EG043,2024J,220C6049-7282-4E07-98D6-9B530D15AD83,F,Cleveland DSC,A Level or Equivalent,20-30%,18-20,1.0,0.0,N,inProgress,0,2,0,4.0,0.0,0.0,0.0,0.0,1.0,60.0,4.285714285714286,14.0,4.0,5.0,0,-0.7763659669478902,1,0.0,0
EG043,2024J,65A733C6-0F62-4F88-B170-8C79CB91D58F,F,Peter Naur,A Level or Equivalent,20-30%,18-20,1.0,0.0,N,inProgress,0,2,0,3.0,0.0,0.0,0.0,0.0,0.0,49.0,1.5806451612903225,31.0,6.0,5.0,0,-0.8023196244088837,1,0.0,0
CG0C8,2024J,0DD88DCE-3C78-410A-9D42-83F273723005,F,Cleveland DSC,A Level or Equivalent,20-30%,30-35,3.0,25.0,N,inProgress,0,2,3,4.0,0.0,0.0,0.0,0.0,0.0,0.0,0.0,0.0,0.0,0.0,0,-0.9179313712805823,0,0.0,0
CG0C8,2024J,F55BB27B-A955-4E1D-979F-F0D18EEA6475,M,Tamayo,A Level or Equivalent,20-30%,30-35,5.0,27.0,N,inProgress,0,2,3,0.0,0.0,0.0,0.0,0.0,0.0,0.0,0.0,0.0,0.0,0.0,0,-0.9179313712805823,0,0.0,0
CG0C8,2024J,08A0C8A4-FFFB-44CC-A28A-A4C16A268743,F,Cleveland DSC,A Level or Equivalent,20-30%, > 35,2.0,0.0,N,inProgress,0,2,4,0.0,0.0,0.0,0.0,0.0,0.0,0.0,0.0,0.0,0.0,0.0,0,-0.9179313712805823,0,0.0,0
CG0C8,2024J,D8C501E0-AE7A-4946-B1BF-0D282F959941,F,Cleveland DSC,A Level or Equivalent,20-30%,25-30,3.0,24.0,N,inProgress,0,2,2,7.0,3.0,1.082857142857143,0.42857142857142855,2.8545454545454545,3.0,173.0,4.119047619047619,42.0,5.0,6.0,1,0.11766698948867442,1,2.8545454545454545,1
CG0C8,2024J,91DAF9E1-55F3-493B-BC64-26154B0FDB21,M,Cleveland DSC,A Level or Equivalent,20-30%,20-25,5.0,29.0,N,inProgress,0,2,1,3.0,0.0,0.0,0.0,0.0,1.0,18.0,2.25,8.0,2.0,3.0,0,-0.8754617499807746,1,0.0,0
CG0C8,2024J,124F8691-DFCE-4FE2-AA08-1D6F95BBD765,M,Cleveland DSC,A Level or Equivalent,60-70%,20-25,2.0,17.0,N,inProgress,0,6,1,0.0,0.0,0.0,0.0,0.0,0.0,0.0,0.0,0.0,0.0,0.0,0,-0.9179313712805823,0,0.0,0
CG0C8,2024J,71B41297-C0B0-463C-B585-CA2260A5AA67,F,Cleveland DSC,A Level or Equivalent,50-60%,20-25,3.0,23.0,N,inProgress,0,5,1,13.0,3.0,0.9723076923076923,0.23076923076923078,4.72,3.0,1102.0,13.439024390243903,82.0,7.0,6.0,1,2.719591067323841,2,4.72,1
CG0C8,2024J,F69E5C95-3CFA-421B-8AEE-D594D322136A,F,Cleveland DSC,A Level or Equivalent,20-30%,18-20,2.0,14.0,N,inProgress,1,2,0,0.0,0.0,0.0,0.0,0.0,0.0,0.0,0.0,0.0,0.0,0.0,0,-0.9179313712805823,0,0.0,0
CG0C8,2024J,9EDAEE02-99A0-4CAB-AC94-29F49630D10E,F,Cleveland DSC,A Level or Equivalent,30-40%,20-25,3.0,20.0,N,inProgress,0,3,1,0.0,0.0,0.0,0.0,0.0,0.0,1.0,1.0,1.0,1.0,1.0,0,-0.9155719478750374,0,0.0,0
CG0C8,2024J,23A9F968-AC98-44B8-9285-051CFF507114,M,Cleveland DSC,A Level or Equivalent,20-30%,20-25,1.0,12.0,N,inProgress,0,2,1,11.0,1.0,0.5154545454545455,0.09090909090909091,3.54375,2.0,313.0,6.26,50.0,7.0,6.0,1,0.5994707745020029,2,3.54375,1
CG0C8,2024J,BC52F231-2A99-4E2F-8B8C-0FF6DF143BE5,F,Cleveland DSC,A Level or Equivalent,20-30%,25-30,1.0,0.0,N,inProgress,0,2,2,0.0,0.0,0.0,0.0,0.0,0.0,0.0,0.0,0.0,0.0,0.0,0,-0.9179313712805823,0,0.0,0
CG0C8,2024J,ECA25D26-61F9-47F3-9CE0-CBEFF8D0DB09,F,Cleveland DSC,A Level or Equivalent,20-30%,30-35,1.0,2.0,N,inProgress,0,2,3,6.0,0.0,0.0,0.0,0.0,0.0,122.0,3.8125,32.0,3.0,6.0,0,-0.6300817158041082,1,0.0,0
CG0C8,2024J,D06F8D09-5E85-44C6-B3E1-CFCD66BB001B,M,Cleveland DSC,A Level or Equivalent,20-30%,18-20,1.0,22.0,N,inProgress,0,2,0,9.0,2.0,1.1722222222222223,0.2222222222222222,5.38875,2.0,261.0,5.931818181818182,44.0,5.0,6.0,1,0.8823046610800658,2,5.38875,1
CG0C8,2024J,D568A813-EEB5-4399-B434-54839C327620,F,Wu DSC,A Level or Equivalent,50-60%,18-20,2.0,25.0,N,inProgress,0,5,0,11.0,1.0,0.5754545454545454,0.09090909090909091,3.95625,2.0,223.0,5.309523809523809,42.0,6.0,6.0,1,0.47778858142431335,1,3.95625,1
CG0C8,2024J,F88BB13F-6194-4CC8-B8C6-F136ED054473,M,Cleveland DSC,A Level or Equivalent,60-70%,20-25,2.0,13.0,N,inProgress,0,6,1,0.0,0.0,0.0,0.0,0.0,0.0,0.0,0.0,0.0,0.0,0.0,0,-0.9179313712805823,0,0.0,0
CG0C8,2024J,DA2852F4-2F93-4122-864B-99139E16A82D,M,Cleveland DSC,A Level or Equivalent,30-40%,20-25,2.0,8.0,N,inProgress,0,3,1,0.0,0.0,0.0,0.0,0.0,0.0,0.0,0.0,0.0,0.0,0.0,0,-0.9179313712805823,0,0.0,0
CG0C8,2024J,B72E0FE6-AEA0-4A09-9094-C859258BD584,M,Peter Chen,A Level or Equivalent,20-30%,20-25,1.0,0.0,N,inProgress,0,2,1,11.0,3.0,0.88,0.2727272727272727,3.367272727272727,3.0,441.0,7.35,60.0,7.0,6.0,1,0.8626879446422271,2,3.367272727272727,1
CG0C8,2024J,82632543-090E-43DE-8565-EBC44C366C24,M,Cleveland DSC,A Level or Equivalent,50-60%,18-20,1.0,0.0,N,inProgress,0,5,0,0.0,0.0,0.0,0.0,0.0,0.0,0.0,0.0,0.0,0.0,0.0,0,-0.9179313712805823,0,0.0,0
CG0C8,2024J,2813CCD9-CBCE-4625-A40F-7FF2DD2FF9CF,F,Cleveland DSC,A Level or Equivalent,20-30%,25-30,2.0,12.0,N,inProgress,0,2,2,11.0,2.0,0.7281818181818182,0.18181818181818182,4.046250000000001,2.0,417.0,5.712328767123288,73.0,7.0,6.0,1,0.9552983759374034,2,4.046250000000001,1
CG0C8,2024J,32A7DACB-9F30-4AA2-B424-D87CA2FC7FDC,F,Cleveland DSC,A Level or Equivalent,20-30%,18-20,1.0,0.0,N,inProgress,0,2,0,10.0,2.0,1.3800000000000001,0.2,7.425,2.0,382.0,4.716049382716049,81.0,7.0,6.0,1,1.6153548112218343,2,7.425,1
CG0C8,2024J,12428FB7-3E30-4E38-99B0-3387444D7FA1,F,Cleveland DSC,A Level or Equivalent,40-50%,18-20,2.0,5.0,N,inProgress,0,4,0,10.0,3.0,1.514,0.3,5.523636363636364,3.0,364.0,6.066666666666666,60.0,6.0,6.0,1,1.1549727757716117,2,5.523636363636364,1
CG0C8,2024J,0EDBB895-B7AA-4ED5-BFFF-3DAED0899F50,M,Cleveland DSC,A Level or Equivalent,20-30%,18-20,1.0,0.0,N,inProgress,0,2,0,7.0,1.0,1.1428571428571428,0.14285714285714285,8.0,1.0,252.0,6.631578947368421,38.0,5.0,6.0,1,1.435012556906518,2,8.0,1
CG0C8,2024J,0F542E8B-6909-4C17-859C-F36ACEE4624C,M,Cleveland DSC,A Level or Equivalent,20-30%,18-20,1.0,11.0,N,inProgress,0,2,0,0.0,0.0,0.0,0.0,0.0,0.0,0.0,0.0,0.0,0.0,0.0,0,-0.9179313712805823,0,0.0,0
CG0C8,2024J,512658C4-08AD-41A1-A072-6B0623D2E14C,F,Cleveland DSC,A Level or Equivalent,30-40%,18-20,1.0,11.0,N,inProgress,0,3,0,0.0,0.0,0.0,0.0,0.0,0.0,0.0,0.0,0.0,0.0,0.0,0,-0.9179313712805823,0,0.0,0
CG0C8,2024J,7DC4AE1B-D8FF-4C9B-8694-862F2288530D,M,Turing,A Level or Equivalent,20-30%,18-20,1.0,0.0,N,inProgress,0,2,0,12.0,3.0,1.1891666666666667,0.25,5.468181818181818,3.0,369.0,6.962264150943396,53.0,6.0,6.0,1,1.154581197000543,2,5.468181818181818,1
CG0C8,2024J,553415E9-7E68-43A0-9C26-1C9382DCCC60,F,Cleveland DSC,A Level or Equivalent,20-30%,18-20,2.0,14.0,N,inProgress,1,2,0,0.0,0.0,0.0,0.0,0.0,0.0,0.0,0.0,0.0,0.0,0.0,0,-0.9179313712805823,0,0.0,0
CG0C8,2024J,9DC183B4-689F-4670-B35C-6D1EA029EBF9,M,Cleveland DSC,A Level or Equivalent,20-30%,18-20,1.0,0.0,N,inProgress,0,2,0,10.0,1.0,0.5,0.1,2.272727272727273,3.0,253.0,4.773584905660377,53.0,7.0,6.0,1,0.17853946338755183,1,2.272727272727273,1
CG0C8,2024J,7F5E3BDE-73DB-464C-B2CC-CA0A9A820486,M,Cleveland DSC,A Level or Equivalent,50-60%,20-25,1.0,0.0,N,inProgress,0,5,1,12.0,3.0,1.4391666666666667,0.25,6.006363636363636,3.0,455.0,5.481927710843373,83.0,7.0,6.0,1,1.4757819035312605,2,6.006363636363636,1
CG0C8,2024J,5ACE45F7-58D3-4778-9162-4C7AF99418D7,F,Wu DSC,A Level or Equivalent,20-30%,20-25,1.0,0.0,N,inProgress,0,2,1,0.0,0.0,0.0,0.0,0.0,0.0,0.0,0.0,0.0,0.0,0.0,0,-0.9179313712805823,0,0.0,0
CG0C8,2024J,21F8AF68-8593-4A46-8F4C-9D14DAE98931,F,Cleveland DSC,A Level or Equivalent,20-30%,18-20,1.0,0.0,N,inProgress,0,2,0,11.0,0.0,0.0,0.0,0.0,3.0,269.0,6.255813953488372,43.0,6.0,6.0,0,-0.28324647518901236,1,0.0,0
CG0C8,2024J,E6AFF4AD-A6F6-47BD-8959-FC05DE359168,F,Saint Hilaire,A Level or Equivalent,20-30%,18-20,1.0,0.0,N,inProgress,0,2,0,13.0,3.0,0.856923076923077,0.23076923076923078,3.9472727272727273,3.0,707.0,9.554054054054054,74.0,7.0,6.0,1,1.6177763396914222,2,3.9472727272727273,1
CG0C8,2024J,4CA8A4DF-9924-47C1-A5AC-BDA2307600A6,M,Cleveland DSC,A Level or Equivalent,20-30%,18-20,1.0,0.0,N,inProgress,0,2,0,11.0,0.0,0.0,0.0,0.0,1.0,564.0,7.726027397260274,73.0,7.0,6.0,0,0.412783429446724,1,0.0,0
CG0C8,2024J,5550DB0F-90A8-46E3-AEB5-CEBEF682C1BE,F,Cleveland DSC,A Level or Equivalent,20-30%,18-20,2.0,14.0,N,inProgress,1,2,0,0.0,0.0,0.0,0.0,0.0,0.0,0.0,0.0,0.0,0.0,0.0,0,-0.9179313712805823,0,0.0,0
CG0C8,2024J,C8FB9763-E615-441B-9F2B-F000335992ED,M,Cleveland DSC,A Level or Equivalent,20-30%,18-20,1.0,0.0,N,inProgress,0,2,0,10.0,3.0,1.27,0.3,4.736363636363636,3.0,288.0,6.0,48.0,7.0,6.0,1,0.802617079544388,2,4.736363636363636,1
CG0C8,2024J,14834451-9D9A-451A-8C49-1E6CD4482AD3,M,Cleveland DSC,A Level or Equivalent,20-30%,18-20,1.0,0.0,N,inProgress,0,2,0,0.0,0.0,0.0,0.0,0.0,0.0,11.0,1.8333333333333333,6.0,1.0,3.0,0,-0.8919777138195887,0,0.0,0
CG0C8,2024J,6D75BDD0-1CC0-47BF-81BE-BC56ED862A0F,F,Cleveland DSC,A Level or Equivalent,50-60%,20-25,1.0,0.0,N,inProgress,0,5,1,9.0,3.0,1.4388888888888889,0.3333333333333333,4.622727272727273,3.0,465.0,8.773584905660377,53.0,7.0,6.0,1,1.1952581866725658,2,4.622727272727273,1
CG0C8,2024J,48B93CCA-5843-472D-92A3-06C6829DF3E3,M,Cleveland DSC,A Level or Equivalent,30-40%,18-20,1.0,0.0,N,inProgress,0,3,0,10.0,3.0,1.449,0.3,5.466363636363636,3.0,246.0,10.695652173913043,23.0,6.0,4.0,1,0.863972488748072,2,5.466363636363636,1
CG0C8,2024J,FEF141CC-44C4-41A3-92EA-2E42B98FEB1B,M,Cleveland DSC,A Level or Equivalent,20-30%,20-25,1.0,0.0,N,inProgress,0,2,1,0.0,0.0,0.0,0.0,0.0,0.0,15.0,2.142857142857143,7.0,2.0,4.0,0,-0.8825400201974092,1,0.0,0
CG0C8,2024J,4F218780-7311-4241-84EA-23E07B320F53,F,Cleveland DSC,A Level or Equivalent,20-30%,30-35,7.0,136.0,N,inProgress,0,2,3,0.0,0.0,0.0,0.0,0.0,0.0,0.0,0.0,0.0,0.0,0.0,0,-0.9179313712805823,0,0.0,0
CG0C8,2024J,F8F5F7A2-92F3-48C4-AFFC-E6C489BD29F8,M,Cleveland DSC,A Level or Equivalent,20-30%,20-25,6.0,22.0,N,inProgress,0,2,1,0.0,0.0,0.0,0.0,0.0,0.0,0.0,0.0,0.0,0.0,0.0,0,-0.9179313712805823,0,0.0,0
CG0C8,2024J,5B3BC522-DE6B-4E20-A863-D4DE1E184CFE,M,Cleveland DSC,A Level or Equivalent,20-30%,25-30,10.0,63.0,N,inProgress,0,2,2,9.0,1.0,0.5555555555555556,0.1111111111111111,5.0,1.0,185.0,4.3023255813953485,43.0,1.0,6.0,1,0.6175427274888391,2,5.0,1
CG0C8,2024J,043BD964-016F-4707-AE6A-5C62E666F796,F,Cleveland DSC,A Level or Equivalent,20-30%,20-25,4.0,86.0,N,inProgress,0,2,1,10.0,3.0,1.311,0.3,4.606363636363636,3.0,160.0,7.619047619047619,21.0,5.0,4.0,1,0.4720373836473105,1,4.606363636363636,1
CG0C8,2024J,03AE7B4C-00CA-4C02-B37F-1631383707AA,M,Cleveland DSC,A Level or Equivalent,30-40%,18-20,3.0,24.0,N,inProgress,0,3,0,10.0,3.0,1.3199999999999998,0.3,4.932727272727273,3.0,394.0,10.102564102564102,39.0,7.0,6.0,1,1.0958759325409846,2,4.932727272727273,1
CG0C8,2024J,5A784461-C3EE-4855-B7DD-D883FDB896F6,F,Cleveland DSC,A Level or Equivalent,20-30%,20-25,2.0,43.0,N,inProgress,0,2,1,13.0,2.0,0.6215384615384616,0.15384615384615385,3.294545454545455,3.0,792.0,13.2,60.0,7.0,6.0,1,1.6748603851703874,2,3.294545454545455,1
CG0C8,2024J,B3D33DE8-3382-4247-980B-5F76CF9DD610,M,Cleveland DSC,A Level or Equivalent,60-70%,18-20,3.0,26.0,N,inProgress,0,6,0,1.0,1.0,2.82,1.0,2.82,1.0,19.0,3.8,5.0,1.0,4.0,1,-0.2532771730038278,1,2.82,2
CG0C8,2024J,D84175A1-E405-4AB1-A9A6-0CE2A4D6F484,F,Cleveland DSC,A Level or Equivalent,20-30%,30-35,5.0,52.0,N,inProgress,0,2,3,0.0,0.0,0.0,0.0,0.0,0.0,0.0,0.0,0.0,0.0,0.0,0,-0.9179313712805823,0,0.0,0
CG0C8,2024J,7B58529E-DD96-40EB-8737-31482D2B1EEC,F,Cleveland DSC,A Level or Equivalent,20-30%,25-30,9.0,148.0,N,inProgress,0,2,2,2.0,0.0,0.0,0.0,0.0,0.0,36.0,5.142857142857143,7.0,3.0,4.0,0,-0.832992128680967,1,0.0,0
CG0C8,2024J,1BAAC30A-BC73-4B23-860A-C1026ED77324,M,Cleveland DSC,A Level or Equivalent,20-30%,30-35,4.0,82.0,N,inProgress,0,2,3,3.0,0.0,0.0,0.0,0.0,1.0,140.0,17.5,8.0,3.0,3.0,0,-0.5876120945043005,1,0.0,0
CG0C8,2024J,6E8A32BD-F365-42EE-8FC4-230AF57299D0,F,Cleveland DSC,A Level or Equivalent,20-30%,20-25,3.0,21.0,N,inProgress,0,2,1,0.0,0.0,0.0,0.0,0.0,0.0,0.0,0.0,0.0,0.0,0.0,0,-0.9179313712805823,0,0.0,0
CG0C8,2024J,D1168E8C-75AA-4845-B58D-8F89887328AB,F,Cleveland DSC,A Level or Equivalent,20-30%,30-35,5.0,73.0,N,inProgress,0,2,3,0.0,0.0,0.0,0.0,0.0,0.0,4.0,1.0,4.0,1.0,3.0,0,-0.9084936776584027,0,0.0,0
CG0C8,2024J,E4B88B2B-F0BC-46A2-B8A4-7C8F11066363,M,Cleveland DSC,A Level or Equivalent,20-30%,18-20,2.0,14.0,N,inProgress,1,2,0,0.0,0.0,0.0,0.0,0.0,0.0,0.0,0.0,0.0,0.0,0.0,0,-0.9179313712805823,0,0.0,0
CG0C8,2024J,56E24F0C-F6CA-45A2-8FE3-E6A9B28C91DC,M,Cleveland DSC,A Level or Equivalent,20-30%,25-30,7.0,51.0,N,inProgress,0,2,2,10.0,2.0,0.6799999999999999,0.2,3.95,2.0,283.0,5.4423076923076925,52.0,6.0,6.0,1,0.6179802597960761,2,3.95,1
CG0C8,2024J,60FD8E22-E7F3-4E53-92A5-D8DEC7CA0337,F,Cleveland DSC,A Level or Equivalent,20-30%,20-25,3.0,35.0,N,inProgress,0,2,1,0.0,0.0,0.0,0.0,0.0,0.0,0.0,0.0,0.0,0.0,0.0,0,-0.9179313712805823,0,0.0,0
CG0C8,2024J,A2A79929-405A-405D-B000-7EFC5CBB3967,F,Wu DSC,A Level or Equivalent,20-30%,25-30,3.0,26.0,N,inProgress,0,2,2,10.0,4.0,0.516,0.4,1.3914285714285715,4.0,669.0,9.985074626865671,67.0,6.0,6.0,1,0.966353535245017,2,1.3914285714285715,1
CG0C8,2024J,6B58FAC8-BDED-4877-954F-9D8FA0633CD6,F,Cleveland DSC,A Level or Equivalent,20-30%,20-25,2.0,16.0,N,inProgress,0,2,1,0.0,0.0,0.0,0.0,0.0,0.0,0.0,0.0,0.0,0.0,0.0,0,-0.9179313712805823,0,0.0,0
CG0C8,2024J,A2E6B425-4083-4170-A515-25EA4B6176D3,M,Cleveland DSC,A Level or Equivalent,20-30%,30-35,5.0,31.0,N,inProgress,0,2,3,0.0,0.0,0.0,0.0,0.0,0.0,0.0,0.0,0.0,0.0,0.0,0,-0.9179313712805823,0,0.0,0
CG0C8,2024J,16E2E7A1-52F3-4096-8BFD-851697E23BF7,M,Cleveland DSC,A Level or Equivalent,20-30%, > 35,8.0,84.0,N,inProgress,0,2,4,0.0,0.0,0.0,0.0,0.0,0.0,17.0,1.8888888888888888,9.0,2.0,4.0,0,-0.8778211733863195,1,0.0,0
CG0C8,2024J,ED9441B9-4349-42EF-B4DD-3554E694F1D8,F,Cleveland DSC,A Level or Equivalent,20-30%,18-20,3.0,40.0,N,inProgress,0,2,0,11.0,4.0,1.2254545454545456,0.36363636363636365,3.7457142857142856,4.0,243.0,6.394736842105263,38.0,6.0,6.0,1,0.47870210930847046,1,3.7457142857142856,1
CG0C8,2024J,24EE6AD3-0257-4201-A010-FEECEAE6DA55,F,Cleveland DSC,A Level or Equivalent,20-30%,18-20,2.0,14.0,N,inProgress,1,2,0,0.0,0.0,0.0,0.0,0.0,0.0,0.0,0.0,0.0,0.0,0.0,0,-0.9179313712805823,0,0.0,0
CG0C8,2024J,A9FC2C11-D4FE-4A52-9272-04E0FFEA009E,F,Cleveland DSC,A Level or Equivalent,40-50%,20-25,4.0,39.0,N,inProgress,0,4,1,9.0,2.0,0.9155555555555556,0.2222222222222222,5.09,2.0,231.0,5.775,40.0,5.0,6.0,1,0.7458578579812882,2,5.09,1
CG0C8,2024J,CF6184B9-60CA-4928-ABA3-B8521FF3B99D,M,Cleveland DSC,A Level or Equivalent,20-30%,20-25,1.0,14.0,N,inProgress,0,2,1,9.0,2.0,1.1688888888888889,0.2222222222222222,5.195,2.0,285.0,7.702702702702703,37.0,5.0,6.0,1,0.8963453180243273,2,5.195,1
CG0C8,2024J,8351E047-E0C9-476F-9C62-604295F2F896,F,Cleveland DSC,A Level or Equivalent,20-30%,18-20,3.0,51.0,N,inProgress,0,2,0,9.0,3.0,0.7777777777777778,0.3333333333333333,3.1818181818181817,3.0,275.0,7.638888888888889,36.0,5.0,6.0,1,0.43026146353565164,1,3.1818181818181817,1
CG0C8,2024J,197D2EA5-D02D-475E-8F4D-6FBA068C8079,F,Cleveland DSC,A Level or Equivalent,60-70%,18-20,1.0,8.0,N,inProgress,0,6,0,12.0,3.0,0.985,0.25,4.496363636363636,3.0,537.0,9.763636363636364,55.0,5.0,6.0,1,1.3373624306253666,2,4.496363636363636,1
CG0C8,2024J,FA2020E5-4F92-41EE-9529-F59B6A9636A6,F,Cleveland DSC,A Level or Equivalent,60-70%,18-20,2.0,17.0,N,inProgress,0,6,0,10.0,3.0,1.497,0.3,5.597272727272728,3.0,273.0,6.066666666666666,45.0,5.0,6.0,1,0.9564502353703439,2,5.597272727272728,1
CG0C8,2024J,7EDDEB2E-119D-4CED-9862-05239BCA6391,F,Cleveland DSC,A Level or Equivalent,30-40%,18-20,1.0,14.0,N,inProgress,0,3,0,0.0,0.0,0.0,0.0,0.0,0.0,0.0,0.0,0.0,0.0,0.0,0,-0.9179313712805823,0,0.0,0
CG0C8,2024J,DF253687-2C16-42B9-BC82-BAF6E3F72761,F,Cleveland DSC,A Level or Equivalent,20-30%,18-20,2.0,14.0,N,inProgress,1,2,0,0.0,0.0,0.0,0.0,0.0,0.0,0.0,0.0,0.0,0.0,0.0,0,-0.9179313712805823,0,0.0,0
CG0C8,2024J,0AE86E9E-A764-4A29-B300-780A4DEA1E5A,F,Cleveland DSC,A Level or Equivalent,20-30%,18-20,2.0,27.0,N,inProgress,0,2,0,9.0,2.0,0.8077777777777777,0.2222222222222222,2.6500000000000004,3.0,329.0,9.13888888888889,36.0,5.0,6.0,1,0.4407787365777987,1,2.6500000000000004,1
CG0C8,2024J,8B8B6E5E-9A63-4147-99C1-0EB33E8135CE,F,Cleveland DSC,A Level or Equivalent,20-30%,18-20,2.0,14.0,N,inProgress,1,2,0,0.0,0.0,0.0,0.0,0.0,0.0,0.0,0.0,0.0,0.0,0.0,0,-0.9179313712805823,0,0.0,0
CG0C8,2024J,75AB7555-1626-4BE4-8E1C-B5B06192FE07,F,Cleveland DSC,A Level or Equivalent,20-30%,18-20,1.0,0.0,N,inProgress,0,2,0,12.0,3.0,0.8649999999999999,0.25,3.558181818181818,3.0,554.0,7.914285714285715,70.0,7.0,6.0,1,1.171263873366281,2,3.558181818181818,1
CG0C8,2024J,66C9C264-8824-4789-9F2F-764D9C451A6C,F,Cleveland DSC,A Level or Equivalent,60-70%,18-20,1.0,0.0,N,inProgress,0,6,0,9.0,3.0,1.6033333333333333,0.3333333333333333,5.026363636363636,3.0,338.0,10.242424242424242,33.0,6.0,6.0,1,0.9843291344087615,2,5.026363636363636,1
CG0C8,2024J,CB6C40B9-5885-4F67-B699-2EB65D9780F2,F,Cleveland DSC,A Level or Equivalent,20-30%,18-20,2.0,14.0,N,inProgress,1,2,0,0.0,0.0,0.0,0.0,0.0,0.0,0.0,0.0,0.0,0.0,0.0,0,-0.9179313712805823,0,0.0,0
CG0C8,2024J,B89FF09F-8355-4DBE-8D90-1F1192BB246F,M,Cleveland DSC,A Level or Equivalent,30-40%,18-20,1.0,0.0,N,inProgress,0,3,0,7.0,1.0,0.27999999999999997,0.14285714285714285,0.735,2.0,251.0,9.296296296296296,27.0,6.0,5.0,0,-0.16416592348350784,1,0.735,0
CG0C8,2024J,ACD2C4C2-B972-4F78-93CC-9B34A0330067,M,Cleveland DSC,A Level or Equivalent,30-40%,18-20,1.0,0.0,N,inProgress,0,3,0,6.0,1.0,0.04,0.16666666666666666,0.09,2.0,158.0,14.363636363636363,11.0,4.0,4.0,0,-0.5253608193671078,1,0.09,0
CG0C8,2024J,71098147-CC0D-46B8-8520-D268585D7B02,F,Cleveland DSC,A Level or Equivalent,20-30%,18-20,2.0,14.0,N,inProgress,1,2,0,0.0,0.0,0.0,0.0,0.0,0.0,0.0,0.0,0.0,0.0,0.0,0,-0.9179313712805823,0,0.0,0
CG0C8,2024J,035B82FE-B566-43E0-991B-02723A440B88,M,Cleveland DSC,A Level or Equivalent,20-30%,20-25,6.0,33.0,N,inProgress,0,2,1,10.0,3.0,1.1920000000000002,0.3,4.123636363636364,3.0,221.0,11.05,20.0,5.0,2.0,1,0.5098606135304817,1,4.123636363636364,1
